{
  "simName": "Run1",
  "sim": {
    "ageMinYr": 0,
    "ageMaxYr": 7,
    "stepsPerDay": 100,
    "outwrite": 100,
    "irbc": 1,
    "iterate": 0,
    "interp": 0
  },
  "growthBySex": {
    "0": { "sex": 0, "wbirth": 3.3, "wchild": 22, "half": 3, "wadult": 34, "kappa": 600, "lambda": 0.017, "LB": 0.85 },
    "1": { "sex": 1, "wbirth": 3.5, "wchild": 23, "half": 3, "wadult": 50, "kappa": 600, "lambda": 0.0095, "LB": 0.88 }
  },
  "growth": { "sex": 0, "wbirth": 3.3, "wchild": 22, "half": 3, "wadult": 34, "kappa": 600, "lambda": 0.017, "LB": 0.85 },
  "physConst": {
    "HCTB": 0.52, "HCTA": 0.41, "ASHWT": 2800, "BLDMOT": 0.62, "BONIN": 0.32, "BRANIN": 0.045,
    "BRATIO": 0.85, "CRTWT": 4000, "H1TOBL": 0.45, "H1TOH2": 0.1, "H1TOSI": 0.45, "HEPIN": 0.055,
    "IFETAL": 1, "KWT": 310, "PLSVOL": 30, "POWER": 1.5, "RBCIN": 0.07, "RBCNL": 20, "RBCVOL": 22,
    "RENIN": 0.01, "RKDN1": 0.139, "RLLI": 1, "RLVR1": 0.0693, "RPLAS": 2000, "RPROT": 0.139,
    "RSIC": 6, "RSOF0": 2.079, "RSOF1": 0.00693, "RSOF2": 0.00038, "RSTMC": 24, "RULI": 1.85,
    "S2HAIR": 0.4, "SATRAT": 350, "SIZEVF": 3, "SOFIN": 0.5, "TBONEL": 0.08, "TEVF": 0.5,
    "TOFECE": 0.006, "TOKDN1": 0.025, "TOKDN2": 0.0004, "TOLVR1": 0.04, "TOPROT": 0.0004,
    "TORBC": 0.25, "TOSWET": 0.0035, "TOURIN": 0, "TRBWT": 3000, "VBLC": 0.067, "VKC": 0.0085,
    "VLC": 0.025, "VLUC": 0.015
  },
  "physAges": [0, 100, 365, 1825, 3650, 5475, 9125, 10950, 14600, 21900, 32850],
  "physTimeDep": {
    "F1":     [0.390967741935484, 0.388240525204816, 0.376737197999606, 0.167081728961318, 0.120380840705766, 0.120002569555911, 0.120000000116659, 0.120000000000786, 0.12, 0.12, 0.12],
    "AMTBLD": [3, 5.5, 8, 17, 30, 50, 52, 52, 52, 52, 52],
    "FLONG":  [0.6, 0.6, 0.6, 0.6, 0.6, 0.6, 0.6, 0.6, 0.6, 0.6, 0.6],
    "GSCAL":  [1.66667, 1.66667, 1.66667, 1.66667, 1.66667, 1.33333, 1, 1, 1, 1, 1],
    "RBLAD":  [12, 12, 15, 11, 8, 7, 7, 7, 7, 7, 7],
    "RBRAN":  [0.00095, 0.00095, 0.00095, 0.00095, 0.00095, 0.00095, 0.00095, 0.00095, 0.00095, 0.00095, 0.00095],
    "RCORT":  [0.0204, 0.01644, 0.00576, 0.00308, 0.00178, 0.001024, 0.0001644, 0.0001644, 0.0001644, 0.0001644, 0.0001644],
    "RCS2B":  [0.35, 0.35, 0.35, 0.35, 0.35, 0.35, 0.5, 0.5, 0.5, 0.5, 0.5],
    "RCS2DF": [0.65, 0.65, 0.65, 0.65, 0.65, 0.65, 0.5, 0.5, 0.5, 0.5, 0.5],
    "RDIFF":  [0.023105, 0.023105, 0.023105, 0.023105, 0.023105, 0.023105, 0.023105, 0.023105, 0.023105, 0.023105, 0.023105],
    "RKDN2":  [0.000693, 0.000693, 0.000693, 0.000693, 0.00019, 0.00019, 0.00019, 0.00095, 0.0019, 0.0019, 0.0019],
    "RLVR2":  [0.000693, 0.000693, 0.000693, 0.001386, 0.00057, 0.00057, 0.00057, 0.001425, 0.00304, 0.00342, 0.0038],
    "RRBC":   [0.462, 0.462, 0.7854, 0.4986, 0.1946, 0.139, 0.139, 0.139, 0.139, 0.139, 0.139],
    "RTRAB":  [0.0204, 0.01644, 0.00576, 0.00362, 0.00264, 0.001912, 0.000986, 0.000986, 0.000986, 0.000986, 0.000986],
    "RTS2B":  [0.35, 0.35, 0.35, 0.35, 0.35, 0.35, 0.5, 0.5, 0.5, 0.5, 0.5],
    "RTS2DF": [0.65, 0.65, 0.65, 0.65, 0.65, 0.65, 0.5, 0.5, 0.5, 0.5, 0.5],
    "TBONE":  [0.24, 0.24, 0.144, 0.128, 0.179, 0.237, 0.08, 0.08, 0.08, 0.08, 0.08],
    "TFRAC":  [0.2, 0.2, 0.2, 0.222, 0.25, 0.279, 0.556, 0.556, 0.556, 0.556, 0.556],
    "TOBRAN": [0.00045, 0.00045, 0.00045, 0.00015, 0.00015, 0.00015, 0.00015, 0.00015, 0.00015, 0.00015, 0.00015],
    "TOSOF0": [0.08345, 0.08345, 0.08345, 0.08375, 0.08375, 0.08375, 0.08875, 0.08875, 0.08875, 0.08875, 0.08875],
    "TOSOF1": [0.01, 0.01, 0.01, 0.01, 0.01, 0.01, 0.005, 0.005, 0.005, 0.005, 0.005],
    "TOSOF2": [0.001, 0.001, 0.001, 0.001, 0.001, 0.001, 0.001, 0.001, 0.001, 0.001, 0.001]
  },
  "lung": {
    "DepFracLET":  [0, 0.2, 0.2],
    "DepFracLTB":  [0, 0.159, 0.159],
    "DepFracLalv": [0.32, 0.04, 0.04],
    "RLETplas":    [0, 7.68, 7.68],
    "RLETstom":    [0, 0, 0],
    "RLTBplas":    [0, 1.94, 1.94],
    "RLTBLET":     [0, 0, 0],
    "RLalvPlas":   [1, 0.347, 0.347],
    "RLalvLTB":    [0, 0, 0],
    "RLalvLint":   [0, 0, 0],
    "RLintPlas":   [0, 0, 0]
  },
  "media": {
    "soil":  { "active": true,  "mode": "conc", "sources": 1, "concAgesYr": [0], "concs": [[200]], "intakeAgesYr": [0,1,2,3,4,5,6], "intakeAmt": [0.0387,0.0423,0.03015,0.02835,0.03015,0.0234,0.02475], "frac": [[1,1,1,1,1,1,1]], "rba": [0.6], "masks": [] },
    "dust":  { "active": true,  "mode": "conc", "sources": 1, "concAgesYr": [0], "concs": [[150]], "intakeAgesYr": [0,1,2,3,4,5,6], "intakeAmt": [0.0473,0.0517,0.03685,0.03465,0.03685,0.0286,0.03025], "frac": [[1,1,1,1,1,1,1]], "rba": [0.6], "masks": [] },
    "water": { "active": true,  "mode": "conc", "sources": 1, "concAgesYr": [0], "concs": [[0.9]], "intakeAgesYr": [0,1,2,3,4,5,6], "intakeAmt": [0.4,0.43,0.51,0.54,0.57,0.6,0.63], "frac": [[1,1,1,1,1,1,1]], "rba": [1], "masks": [] },
    "air":   { "active": true,  "mode": "conc", "sources": 1, "concAgesYr": [0], "concs": [[0.1]], "intakeAgesYr": [0,1,2,3,4,5,6], "intakeAmt": [3.22,4.97,6.09,6.95,7.68,8.32,8.89], "frac": [[1,1,1,1,1,1,1]], "rba": [1], "masks": [] },
    "food":  { "active": true,  "mode": "amt",  "sources": 1, "srcAgesYr": [0,1,2,3,4,5,6], "srcAmt": [[2.66,5.03,5.21,5.38,5.64,6.04,5.95]], "rba": [1] },
    "other": { "active": false, "mode": "amt",  "sources": 1, "srcAgesYr": [0], "srcAmt": [[5.59]], "rba": [1] }
  },
  "iter": {
    "media": 3, "subtype": 1, "dustsoil": 0, "targetbll": 5, "precision": 0.001,
    "maxiter": 10, "startAgeYr": 0, "endAgeYr": 7, "metric": 0, "gsd": 1.6, "tailfrac": 0.05
  }
}
